{
"Profiles": [
{
  "Use Non-ASCII Font" : false,
  "Tags" : [

  ],
  "Ansi 12 Color" : {
    "Green Component" : 0.55553519725799561,
    "Red Component" : 0.091996639966964722,
    "Blue Component" : 0.78393226861953735
  },
  "Ansi 7 Color" : {
    "Green Component" : 0.89001238346099854,
    "Red Component" : 0.91611063480377197,
    "Blue Component" : 0.79781103134155273
  },
  "Draw Powerline Glyphs" : false,
  "Bold Color" : {
    "Green Component" : 0.83450067043304443,
    "Red Component" : 0.70913255214691162,
    "Blue Component" : 0.82687115669250488
  },
  "Ansi 8 Color" : {
    "Green Component" : 0.39142724871635437,
    "Red Component" : 0,
    "Blue Component" : 0.53505516052246094
  },
  "Ansi 9 Color" : {
    "Green Component" : 0.084504462778568268,
    "Red Component" : 0.95941102504730225,
    "Blue Component" : 0.23225757479667664
  },
  "Ansi 6 Color" : {
    "Green Component" : 0.57082360982894897,
    "Red Component" : 0.14679534733295441,
    "Blue Component" : 0.52502274513244629
  },
  "Rows" : 25,
  "Default Bookmark" : "No",
  "Ansi 5 Color" : {
    "Green Component" : 0.10802463442087173,
    "Red Component" : 0.77738940715789795,
    "Blue Component" : 0.43516635894775391
  },
  "Cursor Guide Color" : {
    "Red Component" : 0.70213186740875244,
    "Color Space" : "sRGB",
    "Blue Component" : 1,
    "Alpha Component" : 0.25,
    "Green Component" : 0.9268307089805603
  },
  "Non-ASCII Anti Aliased" : true,
  "Use Bright Bold" : true,
  "Ansi 10 Color" : {
    "Green Component" : 0.93699550628662109,
    "Red Component" : 0.31744870543479919,
    "Blue Component" : 0.51931029558181763
  },
  "Prevent Opening in a Tab" : false,
  "Ambiguous Double Width" : false,
  "Jobs to Ignore" : [
    "rlogin",
    "ssh",
    "slogin",
    "telnet"
  ],
  "Ansi 15 Color" : {
    "Green Component" : 0.95794391632080078,
    "Red Component" : 0.98943418264389038,
    "Blue Component" : 0.86405980587005615
  },
  "Foreground Color" : {
    "Green Component" : 0.75921261310577393,
    "Red Component" : 0.61000990867614746,
    "Blue Component" : 0.7630731463432312
  },
  "Working Directory" : "\/Users\/Kaladin",
  "Blinking Cursor" : false,
  "Disable Window Resizing" : true,
  "Sync Title" : false,
  "Prompt Before Closing 2" : false,
  "BM Growl" : true,
  "Command" : "",
  "Description" : "Default",
  "Mouse Reporting" : true,
  "Screen" : -1,
  "Selection Color" : {
    "Green Component" : 0.21576285362243652,
    "Red Component" : 0,
    "Blue Component" : 0.28167051076889038
  },
  "Columns" : 80,
  "Idle Code" : 0,
  "Ansi 13 Color" : {
    "Green Component" : 0.30289158225059509,
    "Red Component" : 0.88624399900436401,
    "Blue Component" : 0.55838865041732788
  },
  "Custom Command" : "No",
  "ASCII Anti Aliased" : true,
  "Non Ascii Font" : "Monaco 12",
  "Vertical Spacing" : 1,
  "Use Bold Font" : true,
  "Option Key Sends" : 2,
  "Selected Text Color" : {
    "Green Component" : 0.56244754791259766,
    "Red Component" : 0.47797361016273499,
    "Blue Component" : 0.55732053518295288
  },
  "Background Color" : {
    "Green Component" : 0.11783610284328461,
    "Red Component" : 0,
    "Blue Component" : 0.15170273184776306
  },
  "Character Encoding" : 4,
  "Ansi 11 Color" : {
    "Green Component" : 0.49430075287818909,
    "Red Component" : 0.69710838794708252,
    "Blue Component" : 0.1584954559803009
  },
  "Use Italic Font" : true,
  "Unlimited Scrollback" : false,
  "Keyboard Map" : {
    "0xf700-0x260000" : {
      "Action" : 10,
      "Text" : "[1;6A"
    },
    "0x37-0x40000" : {
      "Action" : 11,
      "Text" : "0x1f"
    },
    "0x32-0x40000" : {
      "Action" : 11,
      "Text" : "0x00"
    },
    "0xf709-0x20000" : {
      "Action" : 10,
      "Text" : "[17;2~"
    },
    "0xf70c-0x20000" : {
      "Action" : 10,
      "Text" : "[20;2~"
    },
    "0xf729-0x20000" : {
      "Action" : 10,
      "Text" : "[1;2H"
    },
    "0xf72b-0x40000" : {
      "Action" : 10,
      "Text" : "[1;5F"
    },
    "0xf705-0x20000" : {
      "Action" : 10,
      "Text" : "[1;2Q"
    },
    "0xf703-0x260000" : {
      "Action" : 10,
      "Text" : "[1;6C"
    },
    "0xf700-0x220000" : {
      "Action" : 10,
      "Text" : "[1;2A"
    },
    "0xf703-0x300000" : {
      "Text" : "0x05",
      "Action" : 11
    },
    "0xf701-0x280000" : {
      "Action" : 11,
      "Text" : "0x1b 0x1b 0x5b 0x42"
    },
    "0x38-0x40000" : {
      "Action" : 11,
      "Text" : "0x7f"
    },
    "0x33-0x40000" : {
      "Action" : 11,
      "Text" : "0x1b"
    },
    "0xf703-0x220000" : {
      "Action" : 10,
      "Text" : "[1;2C"
    },
    "0xf701-0x240000" : {
      "Action" : 10,
      "Text" : "[1;5B"
    },
    "0xf70d-0x20000" : {
      "Action" : 10,
      "Text" : "[21;2~"
    },
    "0xf702-0x260000" : {
      "Action" : 10,
      "Text" : "[1;6D"
    },
    "0xf729-0x40000" : {
      "Action" : 10,
      "Text" : "[1;5H"
    },
    "0xf702-0x300000" : {
      "Text" : " 0x01",
      "Action" : 11
    },
    "0xf706-0x20000" : {
      "Action" : 10,
      "Text" : "[1;2R"
    },
    "0x34-0x40000" : {
      "Action" : 11,
      "Text" : "0x1c"
    },
    "0xf700-0x280000" : {
      "Action" : 11,
      "Text" : "0x1b 0x1b 0x5b 0x41"
    },
    "0x2d-0x40000" : {
      "Action" : 11,
      "Text" : "0x1f"
    },
    "0xf70e-0x20000" : {
      "Action" : 10,
      "Text" : "[23;2~"
    },
    "0xf702-0x220000" : {
      "Action" : 10,
      "Text" : "[1;2D"
    },
    "0xf703-0x280000" : {
      "Text" : "f",
      "Action" : 10
    },
    "0xf700-0x240000" : {
      "Action" : 10,
      "Text" : "[1;5A"
    },
    "0xf707-0x20000" : {
      "Action" : 10,
      "Text" : "[1;2S"
    },
    "0xf70a-0x20000" : {
      "Action" : 10,
      "Text" : "[18;2~"
    },
    "0x35-0x40000" : {
      "Action" : 11,
      "Text" : "0x1d"
    },
    "0xf70f-0x20000" : {
      "Action" : 10,
      "Text" : "[24;2~"
    },
    "0xf703-0x240000" : {
      "Action" : 10,
      "Text" : "[1;5C"
    },
    "0xf701-0x260000" : {
      "Action" : 10,
      "Text" : "[1;6B"
    },
    "0xf702-0x280000" : {
      "Text" : "b",
      "Action" : 10
    },
    "0xf72b-0x20000" : {
      "Action" : 10,
      "Text" : "[1;2F"
    },
    "0x36-0x40000" : {
      "Action" : 11,
      "Text" : "0x1e"
    },
    "0xf708-0x20000" : {
      "Action" : 10,
      "Text" : "[15;2~"
    },
    "0xf701-0x220000" : {
      "Action" : 10,
      "Text" : "[1;2B"
    },
    "0xf70b-0x20000" : {
      "Action" : 10,
      "Text" : "[19;2~"
    },
    "0xf702-0x240000" : {
      "Action" : 10,
      "Text" : "[1;5D"
    },
    "0xf704-0x20000" : {
      "Action" : 10,
      "Text" : "[1;2P"
    }
  },
  "Window Type" : 0,
  "Cursor Type" : 2,
  "Initial Text" : "",
  "Background Image Location" : "",
  "Blur" : false,
  "Badge Color" : {
    "Red Component" : 1,
    "Color Space" : "sRGB",
    "Blue Component" : 0,
    "Alpha Component" : 0.5,
    "Green Component" : 0.1491314172744751
  },
  "Scrollback Lines" : 1000,
  "Send Code When Idle" : false,
  "Close Sessions On End" : true,
  "Terminal Type" : "xterm-256color",
  "Visual Bell" : true,
  "Flashing Bell" : false,
  "Scrollback in Alternate Screen" : true,
  "Silence Bell" : false,
  "Ansi 14 Color" : {
    "Green Component" : 0.70167088508605957,
    "Red Component" : 0,
    "Blue Component" : 0.62018769979476929
  },
  "Name" : "Default",
  "Cursor Text Color" : {
    "Green Component" : 0.15575926005840302,
    "Red Component" : 0,
    "Blue Component" : 0.19370138645172119
  },
  "Shortcut" : "",
  "Cursor Color" : {
    "Red Component" : 0.72345690412112162,
    "Color Space" : "sRGB",
    "Blue Component" : 0.80392158031463623,
    "Alpha Component" : 1,
    "Green Component" : 0.66666668653488159
  },
  "Ansi 0 Color" : {
    "Green Component" : 0.15575926005840302,
    "Red Component" : 0,
    "Blue Component" : 0.19370138645172119
  },
  "Ansi 1 Color" : {
    "Green Component" : 0.10840655118227005,